FirstName,FamilyName
Willia,Soller
Lorean,Gerber
Denita,Sabbagh
Susanne,Solis
Adella,Nealon
Mayra,Stuck
Cristin,Kanode
Marti,Yard
Jutta,Dejarnette
Madalene,Galeana
Hugh,Houck
Antonio,Jorstad
Felton,Inge
Harriette,Riel
Shandi,Robichaux
Roman,Quincy
Sheron,Vallee
Berneice,Minnich
Kaleigh,Esqueda
Hazel,Wightman
Emile,Keleher
Shavon,Izzard
Buffy,Hamrick
Malena,Nolting
Cary,Mehl
Beckie,Teachout
Jacqui,Jeffcoat
Jerrie,Kostka
Tarah,Juan
Francisco,Hey
Yuriko,Perna
Phuong,Pulice
Janyce,Comeaux
Nadene,Blanca
Herbert,Vanderploeg
Chet,Meraz
Doreatha,Timm
Jolynn,Deblasio
Lupita,Almada
Raeann,Jordison
Latrice,Bourgeois
Phyllis,Hammer
Stephane,Runge
Creola,Ponder
Raylene,Eisenmann
Kathrine,Schwanke
Devora,Trivedi
Genna,Liefer
Raymonde,Beegle
Barbar,Poitras