FirstName,FamilyName,Phone,GroupId
Willia,Soller,86517,1
Lorean,Gerber,83428,1
Denita,Sabbagh,74874,3
Susanne,Solis,41712,2
Adella,Nealon,77510,5
Mayra,Stuck,10882,5
Cristin,Kanode,21484,2
Marti,Yard,81186,6
Jutta,Dejarnette,45579,6
Madalene,Galeana,90727,5
Hugh,Houck,96408,7
Antonio,Jorstad,99408,7
Felton,Inge,88726,6
Harriette,Riel,67461,3
Shandi,Robichaux,97958,2
Roman,Quincy,17814,7
Sheron,Vallee,48766,1
Berneice,Minnich,70736,5
Kaleigh,Esqueda,36224,7
Hazel,Wightman,66272,2
Emile,Keleher,57518,4
Shavon,Izzard,58326,6
Buffy,Hamrick,74693,3
Malena,Nolting,52432,7
Cary,Mehl,30316,5
Beckie,Teachout,69174,5
Jacqui,Jeffcoat,80106,4
Jerrie,Kostka,97700,7
Tarah,Juan,66247,2
Francisco,Hey,48259,5
Yuriko,Perna,94220,6
Phuong,Pulice,21925,4
Janyce,Comeaux,73664,5
Nadene,Blanca,64652,7
Herbert,Vanderploeg,29261,2
Chet,Meraz,38909,1
Doreatha,Timm,93167,1
Jolynn,Deblasio,81283,7
Lupita,Almada,54863,3
Raeann,Jordison,75909,5
Latrice,Bourgeois,96251,6
Phyllis,Hammer,56232,7
Stephane,Runge,39961,3
Creola,Ponder,92170,7
Raylene,Eisenmann,60808,3
Kathrine,Schwanke,93587,2
Devora,Trivedi,87706,7
Genna,Liefer,87721,4
Raymonde,Beegle,65421,4
Barbar,Poitras,89402,4
